id,firstname,lastname,email,email2,profession
100,Glenda,Pyle,Glenda.Pyle@yopmail.com,Glenda.Pyle@gmail.com,firefighter
101,Hollie,Allys,Hollie.Allys@yopmail.com,Hollie.Allys@gmail.com,worker
102,Grier,Henrie,Grier.Henrie@yopmail.com,Grier.Henrie@gmail.com,doctor
103,Kittie,Strephon,Kittie.Strephon@yopmail.com,Kittie.Strephon@gmail.com,worker
104,Kassey,Prober,Kassey.Prober@yopmail.com,Kassey.Prober@gmail.com,worker
105,Lusa,Kolnick,Lusa.Kolnick@yopmail.com,Lusa.Kolnick@gmail.com,firefighter
106,Fredericka,Florina,Fredericka.Florina@yopmail.com,Fredericka.Florina@gmail.com,firefighter
107,Constance,Georgy,Constance.Georgy@yopmail.com,Constance.Georgy@gmail.com,doctor
108,Averyl,Concha,Averyl.Concha@yopmail.com,Averyl.Concha@gmail.com,police officer
109,Lily,Uird,Lily.Uird@yopmail.com,Lily.Uird@gmail.com,firefighter
110,Malina,Huggins,Malina.Huggins@yopmail.com,Malina.Huggins@gmail.com,worker
111,Dorthy,Nisbet,Dorthy.Nisbet@yopmail.com,Dorthy.Nisbet@gmail.com,doctor
112,Tiffie,Joachim,Tiffie.Joachim@yopmail.com,Tiffie.Joachim@gmail.com,doctor
113,Agathe,Adrienne,Agathe.Adrienne@yopmail.com,Agathe.Adrienne@gmail.com,developer